Address,Varies,P1,P2,P3
0x0006,No,0x00,0x00,0x00
0x0007,No,0x00,0x00,0x00
0x0008,No,0x00,0x00,0x00
0x000B,No,0x6C,0x6C,0x6C
0x0016,No,0x0F,0x0F,0x0F
0x0017,No,0xDC,0xDC,0xDC
0x0018,No,0x00,0x00,0x00
0x0019,No,0x00,0x00,0x00
0x001A,No,0x0F,0x0F,0x0F
0x0020,No,0x01,0x01,0x01
0x002B,No,0x02,0x02,0x02
0x002C,No,0x0F,0x0F,0x0F
0x002D,No,0x55,0x55,0x55
0x002E,Yes,0x8C,0x10,0x10
0x002F,Yes,0x0A,0x0B,0x0B
0x0030,Yes,0x8C,0x10,0x10
0x0031,Yes,0x0A,0x0B,0x0B
0x0032,Yes,0x8C,0x10,0x10
0x0033,Yes,0x0A,0x0B,0x0B
0x0034,Yes,0x8C,0x10,0x10
0x0035,Yes,0x0A,0x0B,0x0B
0x0036,Yes,0x8C,0x10,0x10
0x0037,Yes,0x0A,0x0B,0x0B
0x0038,Yes,0x8C,0x10,0x10
0x0039,Yes,0x0A,0x0B,0x0B
0x003A,Yes,0x8C,0x10,0x10
0x003B,Yes,0x0A,0x0B,0x0B
0x003C,Yes,0x8C,0x10,0x10
0x003D,Yes,0x0A,0x0B,0x0B
0x003F,No,0xFF,0xFF,0xFF
0x0040,No,0x04,0x04,0x04
0x0041,No,0x0B,0x0B,0x0B
0x0042,No,0x0B,0x0B,0x0B
0x0043,No,0x0B,0x0B,0x0B
0x0044,No,0x0B,0x0B,0x0B
0x0045,No,0x0C,0x0C,0x0C
0x0046,No,0x32,0x32,0x32
0x0047,No,0x32,0x32,0x32
0x0048,No,0x32,0x32,0x32
0x0049,No,0x32,0x32,0x32
0x004A,No,0x31,0x31,0x31
0x004B,No,0x31,0x31,0x31
0x004C,No,0x31,0x31,0x31
0x004D,No,0x31,0x31,0x31
0x004E,No,0x55,0x55,0x55
0x004F,No,0x55,0x55,0x55
0x0050,No,0x0F,0x0F,0x0F
0x0051,No,0x03,0x03,0x03
0x0052,No,0x03,0x03,0x03
0x0053,No,0x03,0x03,0x03
0x0054,No,0x03,0x03,0x03
0x0055,No,0x02,0x02,0x02
0x0056,No,0x02,0x02,0x02
0x0057,No,0x02,0x02,0x02
0x0058,No,0x02,0x02,0x02
0x0059,No,0x55,0x55,0x55
0x005A,No,0xAA,0xAA,0xAA
0x005B,No,0xAA,0xAA,0xAA
0x005C,No,0x0A,0x0A,0x0A
0x005D,No,0x01,0x01,0x01
0x005E,No,0xAA,0xAA,0xAA
0x005F,No,0xAA,0xAA,0xAA
0x0060,No,0x0A,0x0A,0x0A
0x0061,No,0x01,0x01,0x01
0x0062,No,0x28,0x28,0x28
0x0063,No,0x5C,0x5C,0x5C
0x0064,No,0xCF,0xCF,0xCF
0x0065,No,0x00,0x00,0x00
0x0066,No,0x28,0x28,0x28
0x0067,No,0x5C,0x5C,0x5C
0x0068,No,0xCF,0xCF,0xCF
0x0069,No,0x00,0x00,0x00
0x0092,No,0x0F,0x0F,0x0F
0x0093,No,0xAA,0xAA,0xAA
0x0094,No,0xAA,0xAA,0xAA
0x0095,No,0x00,0x00,0x00
0x0096,No,0x88,0x88,0x88
0x0097,No,0x88,0x88,0x88
0x0098,No,0x66,0x66,0x66
0x0099,No,0x66,0x66,0x66
0x009A,No,0x0F,0x0F,0x0F
0x009B,No,0x66,0x66,0x66
0x009C,No,0x66,0x66,0x66
0x009D,Yes,0xAA,0xA9,0xA9
0x009E,No,0x44,0x44,0x44
0x009F,No,0x44,0x44,0x44
0x00A0,No,0x22,0x22,0x22
0x00A1,No,0x22,0x22,0x22
0x00A2,No,0x00,0x00,0x00
0x00A4,Yes,0xB9,0x8A,0x8A
0x00A5,Yes,0x62,0x33,0x33
0x00A6,No,0x00,0x00,0x00
0x00A7,No,0x00,0x00,0x00
0x00A9,Yes,0x94,0xE9,0xE9
0x00AA,No,0x62,0x62,0x62
0x00AB,No,0x00,0x00,0x00
0x00AC,No,0x00,0x00,0x00
0x00AE,Yes,0xD9,0x35,0x35
0x00AF,Yes,0x62,0x63,0x63
0x00B0,No,0x00,0x00,0x00
0x00B1,No,0x00,0x00,0x00
0x00B3,Yes,0x04,0x64,0x64
0x00B4,No,0x63,0x63,0x63
0x00B5,No,0x00,0x00,0x00
0x00B6,No,0x00,0x00,0x00
0x00E5,No,0xF1,0xF1,0xF1
0x00E6,Yes,0x0A,0x05,0x05
0x00E7,Yes,0x60,0x30,0x30
0x00E8,No,0x00,0x00,0x00
0x00E9,No,0x00,0x00,0x00
0x00EA,No,0x0A,0x0A,0x0A
0x00EB,No,0x60,0x60,0x60
0x00EC,No,0x00,0x00,0x00
0x00ED,No,0x00,0x00,0x00
0x00EE,No,0x0A,0x0A,0x0A
0x00EF,No,0x60,0x60,0x60
0x00F0,No,0x00,0x00,0x00
0x00F1,No,0x00,0x00,0x00
0x00F2,No,0x0A,0x0A,0x0A
0x00F3,No,0x60,0x60,0x60
0x00F4,No,0x00,0x00,0x00
0x00F5,No,0x00,0x00,0x00
0x0102,No,0x01,0x01,0x01
0x0108,No,0x02,0x02,0x02
0x0109,No,0x09,0x09,0x09
0x010A,No,0x3B,0x3B,0x3B
0x010B,No,0x28,0x28,0x28
0x010C,No,0x01,0x01,0x01
0x0112,Yes,0x06,0x02,0x02
0x0113,No,0x09,0x09,0x09
0x0114,No,0x3B,0x3B,0x3B
0x0115,No,0x28,0x28,0x28
0x0116,No,0x01,0x01,0x01
0x0117,No,0x02,0x02,0x02
0x0118,No,0x09,0x09,0x09
0x0119,No,0x3B,0x3B,0x3B
0x011A,No,0x29,0x29,0x29
0x011B,No,0x02,0x02,0x02
0x011C,No,0x06,0x06,0x06
0x011D,No,0x09,0x09,0x09
0x011E,No,0x3B,0x3B,0x3B
0x011F,No,0x29,0x29,0x29
0x0120,No,0x02,0x02,0x02
0x0126,No,0x02,0x02,0x02
0x0127,No,0x09,0x09,0x09
0x0128,No,0x3B,0x3B,0x3B
0x0129,No,0x2A,0x2A,0x2A
0x012A,No,0x03,0x03,0x03
0x012B,No,0x06,0x06,0x06
0x012C,No,0x09,0x09,0x09
0x012D,No,0x3B,0x3B,0x3B
0x012E,No,0x2A,0x2A,0x2A
0x012F,No,0x03,0x03,0x03
0x0130,No,0x02,0x02,0x02
0x0131,No,0x09,0x09,0x09
0x0132,No,0x3B,0x3B,0x3B
0x0133,No,0x2B,0x2B,0x2B
0x0134,No,0x04,0x04,0x04
0x013A,No,0x02,0x02,0x02
0x013B,No,0x09,0x09,0x09
0x013C,No,0x3B,0x3B,0x3B
0x013D,No,0x2B,0x2B,0x2B
0x013E,No,0x04,0x04,0x04
0x013F,No,0x00,0x00,0x00
0x0140,No,0x00,0x00,0x00
0x0141,No,0x40,0x40,0x40
0x0142,No,0xFF,0xFF,0xFF
0x0206,No,0x00,0x00,0x00
0x0208,No,0x71,0x71,0x71
0x0209,No,0x02,0x02,0x02
0x020A,No,0x00,0x00,0x00
0x020B,No,0x00,0x00,0x00
0x020C,No,0x00,0x00,0x00
0x020D,No,0x00,0x00,0x00
0x020E,No,0x01,0x01,0x01
0x020F,No,0x00,0x00,0x00
0x0210,No,0x00,0x00,0x00
0x0211,No,0x00,0x00,0x00
0x0212,No,0x71,0x71,0x71
0x0213,No,0x02,0x02,0x02
0x0214,No,0x00,0x00,0x00
0x0215,No,0x00,0x00,0x00
0x0216,No,0x00,0x00,0x00
0x0217,No,0x00,0x00,0x00
0x0218,No,0x01,0x01,0x01
0x0219,No,0x00,0x00,0x00
0x021A,No,0x00,0x00,0x00
0x021B,No,0x00,0x00,0x00
0x021C,No,0xE6,0xE6,0xE6
0x021D,No,0x01,0x01,0x01
0x021E,No,0x00,0x00,0x00
0x021F,No,0x00,0x00,0x00
0x0220,No,0x00,0x00,0x00
0x0221,No,0x00,0x00,0x00
0x0222,No,0x01,0x01,0x01
0x0223,No,0x00,0x00,0x00
0x0224,No,0x00,0x00,0x00
0x0225,No,0x00,0x00,0x00
0x0226,No,0xE6,0xE6,0xE6
0x0227,No,0x01,0x01,0x01
0x0228,No,0x00,0x00,0x00
0x0229,No,0x00,0x00,0x00
0x022A,No,0x00,0x00,0x00
0x022B,No,0x00,0x00,0x00
0x022C,No,0x01,0x01,0x01
0x022D,No,0x00,0x00,0x00
0x022E,No,0x00,0x00,0x00
0x022F,No,0x00,0x00,0x00
0x0231,No,0x0B,0x0B,0x0B
0x0232,No,0x0B,0x0B,0x0B
0x0233,No,0x0B,0x0B,0x0B
0x0234,No,0x0B,0x0B,0x0B
0x0235,No,0x00,0x00,0x00
0x0236,No,0x00,0x00,0x00
0x0237,No,0x00,0x00,0x00
0x0238,Yes,0xA0,0x80,0x80
0x0239,Yes,0x8C,0x93,0x93
0x023A,No,0x00,0x00,0x00
0x023B,No,0x00,0x00,0x00
0x023C,No,0x00,0x00,0x00
0x023D,No,0x00,0x00,0x00
0x023E,No,0x80,0x80,0x80
0x024A,Yes,0x03,0x02,0x02
0x024B,No,0x00,0x00,0x00
0x024C,No,0x00,0x00,0x00
0x0250,Yes,0x00,0x05,0x05
0x0251,No,0x00,0x00,0x00
0x0252,No,0x00,0x00,0x00
0x0253,No,0x03,0x03,0x03
0x0254,No,0x00,0x00,0x00
0x0255,No,0x00,0x00,0x00
0x0256,No,0x00,0x00,0x00
0x0257,No,0x00,0x00,0x00
0x0258,No,0x00,0x00,0x00
0x025C,No,0x03,0x03,0x03
0x025D,No,0x00,0x00,0x00
0x025E,No,0x00,0x00,0x00
0x025F,No,0x00,0x00,0x00
0x0260,No,0x00,0x00,0x00
0x0261,No,0x00,0x00,0x00
0x0262,No,0x03,0x03,0x03
0x0263,No,0x00,0x00,0x00
0x0264,No,0x00,0x00,0x00
0x0268,No,0x15,0x15,0x15
0x0269,No,0x00,0x00,0x00
0x026A,No,0x00,0x00,0x00
0x026B,No,0x00,0x00,0x00
0x026C,No,0x00,0x00,0x00
0x026D,No,0x00,0x00,0x00
0x026E,No,0x00,0x00,0x00
0x026F,No,0x00,0x00,0x00
0x0270,No,0x00,0x00,0x00
0x0271,No,0x00,0x00,0x00
0x0272,No,0x00,0x00,0x00
0x028A,No,0x00,0x00,0x00
0x028B,No,0x00,0x00,0x00
0x028C,No,0x00,0x00,0x00
0x028D,No,0x00,0x00,0x00
0x028E,No,0x00,0x00,0x00
0x028F,No,0x00,0x00,0x00
0x0290,No,0x00,0x00,0x00
0x0291,No,0x00,0x00,0x00
0x0294,Yes,0xCC,0xCD,0xCD
0x0295,No,0xCC,0xCC,0xCC
0x0296,No,0x0F,0x0F,0x0F
0x0297,No,0x0F,0x0F,0x0F
0x0299,No,0x0F,0x0F,0x0F
0x029A,Yes,0xFA,0x19,0x19
0x029B,No,0x01,0x01,0x01
0x029C,No,0x00,0x00,0x00
0x029D,No,0xFA,0xFA,0xFA
0x029E,No,0x01,0x01,0x01
0x029F,No,0x00,0x00,0x00
0x02A0,No,0xFA,0xFA,0xFA
0x02A1,No,0x01,0x01,0x01
0x02A2,No,0x00,0x00,0x00
0x02A3,No,0xFA,0xFA,0xFA
0x02A4,No,0x01,0x01,0x01
0x02A5,No,0x00,0x00,0x00
0x02A6,Yes,0xCC,0x66,0x66
0x02A7,Yes,0x04,0x02,0x02
0x02A8,No,0x00,0x00,0x00
0x02A9,No,0xCC,0xCC,0xCC
0x02AA,No,0x04,0x04,0x04
0x02AB,No,0x00,0x00,0x00
0x02AC,No,0xCC,0xCC,0xCC
0x02AD,No,0x04,0x04,0x04
0x02AE,No,0x00,0x00,0x00
0x02AF,No,0xCC,0xCC,0xCC
0x02B0,No,0x04,0x04,0x04
0x02B1,No,0x00,0x00,0x00
0x02B7,No,0xFF,0xFF,0xFF
0x0302,No,0x00,0x00,0x00
0x0303,No,0x00,0x00,0x00
0x0304,No,0x00,0x00,0x00
0x0305,Yes,0x00,0x86,0x86
0x0306,Yes,0x09,0x0B,0x0B
0x0307,No,0x00,0x00,0x00
0x0308,No,0x00,0x00,0x00
0x0309,Yes,0x00,0xC2,0x3E
0x030A,Yes,0x00,0x6A,0x6A
0x030B,Yes,0xDC,0xC9,0xC9
0x030C,No,0x00,0x00,0x00
0x030D,No,0x00,0x00,0x00
0x030E,No,0x00,0x00,0x00
0x030F,No,0x00,0x00,0x00
0x0310,Yes,0xCA,0x38,0x38
0x0311,Yes,0x08,0x09,0x09
0x0312,No,0x00,0x00,0x00
0x0313,No,0x00,0x00,0x00
0x0314,No,0x00,0x00,0x00
0x0315,No,0x0E,0x0E,0x0E
0x0316,No,0xE0,0xE0,0xE0
0x0317,No,0x00,0x00,0x00
0x0318,No,0x00,0x00,0x00
0x0319,No,0x00,0x00,0x00
0x031A,Yes,0x80,0xC0,0xC0
0x031B,Yes,0x1A,0x33,0x33
0x031C,Yes,0x06,0x07,0x07
0x031D,No,0x00,0x00,0x00
0x031E,No,0x00,0x00,0x00
0x031F,No,0x00,0x00,0x00
0x0320,No,0x00,0x00,0x00
0x0321,Yes,0x90,0xA2,0xA2
0x0322,No,0x00,0x00,0x00
0x0323,No,0x00,0x00,0x00
0x0324,No,0x00,0x00,0x00
0x0325,No,0x00,0x00,0x00
0x0326,Yes,0xD0,0x38,0x38
0x0327,Yes,0x07,0x09,0x09
0x0328,No,0x00,0x00,0x00
0x0329,No,0x00,0x00,0x00
0x032A,No,0x00,0x00,0x00
0x032B,No,0x00,0x00,0x00
0x032C,Yes,0xB0,0xC6,0xC6
0x032D,No,0x00,0x00,0x00
0x0338,No,0x00,0x00,0x00
0x033B,No,0x00,0x00,0x00
0x033C,No,0x00,0x00,0x00
0x033D,No,0x00,0x00,0x00
0x033E,No,0x00,0x00,0x00
0x033F,No,0x00,0x00,0x00
0x0340,No,0x00,0x00,0x00
0x0341,No,0x00,0x00,0x00
0x0342,No,0x00,0x00,0x00
0x0343,No,0x00,0x00,0x00
0x0344,No,0x00,0x00,0x00
0x0345,No,0x00,0x00,0x00
0x0346,No,0x00,0x00,0x00
0x0347,No,0x00,0x00,0x00
0x0348,No,0x00,0x00,0x00
0x0349,No,0x00,0x00,0x00
0x034A,No,0x00,0x00,0x00
0x034B,No,0x00,0x00,0x00
0x034C,No,0x00,0x00,0x00
0x034D,No,0x00,0x00,0x00
0x034E,No,0x00,0x00,0x00
0x034F,No,0x00,0x00,0x00
0x0350,No,0x00,0x00,0x00
0x0351,No,0x00,0x00,0x00
0x0352,No,0x00,0x00,0x00
0x0408,No,0x10,0x10,0x10
0x0409,No,0x1E,0x1E,0x1E
0x040A,Yes,0x0D,0x0E,0x0E
0x040B,Yes,0x0C,0x0D,0x0D
0x040C,No,0x07,0x07,0x07
0x040D,No,0x07,0x07,0x07
0x040E,Yes,0x14,0x15,0x15
0x040F,Yes,0x28,0x2A,0x2A
0x0410,No,0x09,0x09,0x09
0x0411,No,0x08,0x08,0x08
0x0412,No,0x07,0x07,0x07
0x0413,No,0x07,0x07,0x07
0x0415,No,0x00,0x00,0x00
0x0416,No,0x00,0x00,0x00
0x0417,Yes,0x00,0x78,0x88
0x0418,Yes,0x48,0x05,0xE6
0x0419,Yes,0xF1,0x35,0x34
0x041A,Yes,0x3E,0x2F,0x2F
0x041B,No,0x00,0x00,0x00
0x041C,No,0x00,0x00,0x00
0x041D,No,0x00,0x00,0x00
0x041E,No,0x00,0x00,0x00
0x041F,No,0x80,0x80,0x80
0x0421,No,0x3B,0x3B,0x3B
0x0422,No,0x01,0x01,0x01
0x0423,No,0x00,0x00,0x00
0x0424,No,0x00,0x00,0x00
0x0425,No,0x00,0x00,0x00
0x0426,No,0x00,0x00,0x00
0x0427,No,0x00,0x00,0x00
0x0428,No,0x00,0x00,0x00
0x0429,No,0x00,0x00,0x00
0x042A,No,0x00,0x00,0x00
0x042B,No,0x01,0x01,0x01
0x042C,No,0x87,0x87,0x87
0x042D,No,0x03,0x03,0x03
0x042E,No,0x19,0x19,0x19
0x042F,No,0x19,0x19,0x19
0x0431,No,0x00,0x00,0x00
0x0432,No,0xC3,0xC3,0xC3
0x0433,No,0xA2,0xA2,0xA2
0x0434,No,0x00,0x00,0x00
0x0435,No,0x00,0x00,0x00
0x0436,No,0x06,0x06,0x06
0x0437,No,0x00,0x00,0x00
0x0438,No,0x21,0x21,0x21
0x0439,No,0x43,0x43,0x43
0x043A,No,0x02,0x02,0x02
0x043B,No,0x03,0x03,0x03
0x043C,No,0x00,0x00,0x00
0x043D,No,0x0C,0x0C,0x0C
0x043E,No,0x06,0x06,0x06
0x0442,No,0x00,0x00,0x00
0x0443,No,0x00,0x00,0x00
0x0444,No,0x00,0x00,0x00
0x0445,No,0x00,0x00,0x00
0x0489,Yes,0xA0,0xC1,0xC1
0x048A,No,0x02,0x02,0x02
0x049B,No,0xFA,0xFA,0xFA
0x049D,No,0x10,0x10,0x10
0x049E,No,0x20,0x20,0x20
0x049F,Yes,0x0D,0x0E,0x0E
0x04A0,Yes,0x0C,0x0D,0x0D
0x04A1,No,0x07,0x07,0x07
0x04A2,No,0x07,0x07,0x07
0x04A6,No,0x0B,0x0B,0x0B
0x0508,No,0x10,0x10,0x10
0x0509,No,0x1E,0x1E,0x1E
0x050A,No,0x0D,0x0D,0x0D
0x050B,No,0x0C,0x0C,0x0C
0x050C,No,0x07,0x07,0x07
0x050D,No,0x07,0x07,0x07
0x050E,No,0x14,0x14,0x14
0x050F,No,0x28,0x28,0x28
0x0510,No,0x09,0x09,0x09
0x0511,No,0x08,0x08,0x08
0x0512,No,0x07,0x07,0x07
0x0513,No,0x07,0x07,0x07
0x0515,No,0x00,0x00,0x00
0x0516,No,0x00,0x00,0x00
0x0517,No,0x00,0x00,0x00
0x0518,No,0x1A,0x1A,0x1A
0x0519,No,0xA4,0xA4,0xA4
0x051A,No,0x41,0x41,0x41
0x051B,No,0x00,0x00,0x00
0x051C,No,0x00,0x00,0x00
0x051D,No,0x00,0x00,0x00
0x051E,No,0x00,0x00,0x00
0x051F,No,0x80,0x80,0x80
0x0521,No,0x3B,0x3B,0x3B
0x0522,No,0x01,0x01,0x01
0x0523,No,0x00,0x00,0x00
0x0524,No,0x00,0x00,0x00
0x0525,No,0x00,0x00,0x00
0x0526,No,0x00,0x00,0x00
0x0527,No,0x00,0x00,0x00
0x0528,No,0x00,0x00,0x00
0x0529,No,0x00,0x00,0x00
0x052A,No,0x01,0x01,0x01
0x052B,No,0x01,0x01,0x01
0x052C,No,0x87,0x87,0x87
0x052D,No,0x03,0x03,0x03
0x052E,No,0x19,0x19,0x19
0x052F,No,0x19,0x19,0x19
0x0531,No,0x00,0x00,0x00
0x0532,No,0xC3,0xC3,0xC3
0x0533,No,0xA2,0xA2,0xA2
0x0534,No,0x00,0x00,0x00
0x0535,No,0x00,0x00,0x00
0x0536,No,0x06,0x06,0x06
0x0537,No,0x00,0x00,0x00
0x0538,No,0x21,0x21,0x21
0x0539,No,0x43,0x43,0x43
0x053A,No,0x02,0x02,0x02
0x053B,No,0x03,0x03,0x03
0x053C,No,0x00,0x00,0x00
0x053D,No,0x0C,0x0C,0x0C
0x053E,No,0x06,0x06,0x06
0x0542,No,0x00,0x00,0x00
0x0543,No,0x00,0x00,0x00
0x0544,No,0x00,0x00,0x00
0x0545,No,0x00,0x00,0x00
0x0589,Yes,0xA0,0xC1,0xC1
0x058A,No,0x02,0x02,0x02
0x059B,No,0xFA,0xFA,0xFA
0x059D,No,0x10,0x10,0x10
0x059E,No,0x20,0x20,0x20
0x059F,No,0x0D,0x0D,0x0D
0x05A0,No,0x0C,0x0C,0x0C
0x05A1,No,0x07,0x07,0x07
0x05A2,No,0x07,0x07,0x07
0x05A6,No,0x0B,0x0B,0x0B
0x0602,No,0x01,0x01,0x01
0x0608,No,0x10,0x10,0x10
0x0609,No,0x1E,0x1E,0x1E
0x060A,No,0x0D,0x0D,0x0D
0x060B,No,0x0C,0x0C,0x0C
0x060C,No,0x07,0x07,0x07
0x060D,No,0x07,0x07,0x07
0x060E,No,0x14,0x14,0x14
0x060F,No,0x28,0x28,0x28
0x0610,No,0x09,0x09,0x09
0x0611,No,0x08,0x08,0x08
0x0612,No,0x07,0x07,0x07
0x0613,No,0x07,0x07,0x07
0x0615,No,0x00,0x00,0x00
0x0616,No,0x00,0x00,0x00
0x0617,No,0x00,0x00,0x00
0x0618,No,0x00,0x00,0x00
0x0619,No,0xC0,0xC0,0xC0
0x061A,No,0x3C,0x3C,0x3C
0x061B,No,0x00,0x00,0x00
0x061C,No,0x00,0x00,0x00
0x061D,No,0x00,0x00,0x00
0x061E,No,0x00,0x00,0x00
0x061F,No,0x80,0x80,0x80
0x0621,No,0x2B,0x2B,0x2B
0x0622,No,0x01,0x01,0x01
0x0623,No,0x00,0x00,0x00
0x0624,No,0x00,0x00,0x00
0x0625,No,0x00,0x00,0x00
0x0626,No,0x00,0x00,0x00
0x0627,No,0x00,0x00,0x00
0x0628,No,0x00,0x00,0x00
0x0629,No,0x00,0x00,0x00
0x062A,No,0x00,0x00,0x00
0x062B,No,0x01,0x01,0x01
0x062C,No,0x87,0x87,0x87
0x062D,No,0x03,0x03,0x03
0x062E,No,0x19,0x19,0x19
0x062F,No,0x19,0x19,0x19
0x0631,No,0x00,0x00,0x00
0x0632,No,0xC3,0xC3,0xC3
0x0633,No,0xA2,0xA2,0xA2
0x0634,No,0x00,0x00,0x00
0x0635,No,0x00,0x00,0x00
0x0636,No,0x06,0x06,0x06
0x0637,No,0x00,0x00,0x00
0x0638,No,0x21,0x21,0x21
0x0639,No,0x43,0x43,0x43
0x063A,No,0x02,0x02,0x02
0x063B,No,0x03,0x03,0x03
0x063C,No,0x00,0x00,0x00
0x063D,No,0x0C,0x0C,0x0C
0x063E,No,0x06,0x06,0x06
0x0642,No,0x00,0x00,0x00
0x0643,No,0x00,0x00,0x00
0x0644,No,0x00,0x00,0x00
0x0645,No,0x00,0x00,0x00
0x0689,Yes,0xA0,0xC1,0xC1
0x068A,No,0x02,0x02,0x02
0x069B,No,0xFA,0xFA,0xFA
0x069D,No,0x10,0x10,0x10
0x069E,No,0x20,0x20,0x20
0x069F,No,0x0D,0x0D,0x0D
0x06A0,No,0x0C,0x0C,0x0C
0x06A1,No,0x07,0x07,0x07
0x06A2,No,0x07,0x07,0x07
0x06A6,No,0x0B,0x0B,0x0B
0x0702,No,0x01,0x01,0x01
0x0709,No,0x10,0x10,0x10
0x070A,No,0x1E,0x1E,0x1E
0x070B,No,0x0D,0x0D,0x0D
0x070C,No,0x0C,0x0C,0x0C
0x070D,No,0x07,0x07,0x07
0x070E,No,0x07,0x07,0x07
0x070F,No,0x14,0x14,0x14
0x0710,No,0x28,0x28,0x28
0x0711,No,0x09,0x09,0x09
0x0712,No,0x08,0x08,0x08
0x0713,No,0x07,0x07,0x07
0x0714,No,0x07,0x07,0x07
0x0716,No,0x00,0x00,0x00
0x0717,No,0x00,0x00,0x00
0x0718,No,0x00,0x00,0x00
0x0719,No,0x00,0x00,0x00
0x071A,No,0x02,0x02,0x02
0x071B,No,0x3A,0x3A,0x3A
0x071C,No,0x00,0x00,0x00
0x071D,No,0x00,0x00,0x00
0x071E,No,0x00,0x00,0x00
0x071F,No,0x00,0x00,0x00
0x0720,No,0x80,0x80,0x80
0x0722,No,0x2B,0x2B,0x2B
0x0723,No,0x01,0x01,0x01
0x0724,No,0x00,0x00,0x00
0x0725,No,0x00,0x00,0x00
0x0726,No,0x00,0x00,0x00
0x0727,No,0x00,0x00,0x00
0x0728,No,0x00,0x00,0x00
0x0729,No,0x00,0x00,0x00
0x072A,No,0x00,0x00,0x00
0x072B,No,0x00,0x00,0x00
0x072C,No,0x01,0x01,0x01
0x072D,No,0x87,0x87,0x87
0x072E,No,0x03,0x03,0x03
0x072F,No,0x19,0x19,0x19
0x0730,No,0x19,0x19,0x19
0x0732,No,0x00,0x00,0x00
0x0733,No,0xC3,0xC3,0xC3
0x0734,No,0xA2,0xA2,0xA2
0x0735,No,0x00,0x00,0x00
0x0736,No,0x00,0x00,0x00
0x0737,No,0x06,0x06,0x06
0x0738,No,0x00,0x00,0x00
0x0739,No,0x21,0x21,0x21
0x073A,No,0x43,0x43,0x43
0x073B,No,0x02,0x02,0x02
0x073C,No,0x03,0x03,0x03
0x073D,No,0x00,0x00,0x00
0x073E,No,0x0C,0x0C,0x0C
0x073F,No,0x06,0x06,0x06
0x0743,No,0x00,0x00,0x00
0x0744,No,0x00,0x00,0x00
0x0745,No,0x00,0x00,0x00
0x0746,No,0x00,0x00,0x00
0x0789,Yes,0xA0,0xC1,0xC1
0x078A,No,0x02,0x02,0x02
0x079B,No,0xFA,0xFA,0xFA
0x079D,No,0x10,0x10,0x10
0x079E,No,0x20,0x20,0x20
0x079F,No,0x0D,0x0D,0x0D
0x07A0,No,0x0C,0x0C,0x0C
0x07A1,No,0x07,0x07,0x07
0x07A2,No,0x07,0x07,0x07
0x07A6,No,0x0B,0x0B,0x0B
0x0802,No,0x35,0x35,0x35
0x0803,No,0x04,0x04,0x04
0x0804,No,0x00,0x00,0x00
0x0805,No,0x45,0x45,0x45
0x0806,No,0x04,0x04,0x04
0x0807,No,0x00,0x00,0x00
0x0808,No,0x42,0x42,0x42
0x0809,No,0x04,0x04,0x04
0x080A,No,0x00,0x00,0x00
0x080B,No,0x43,0x43,0x43
0x080C,No,0x04,0x04,0x04
0x080D,No,0x00,0x00,0x00
0x080E,No,0x44,0x44,0x44
0x080F,No,0x04,0x04,0x04
0x0810,No,0x00,0x00,0x00
0x0811,No,0x35,0x35,0x35
0x0812,No,0x05,0x05,0x05
0x0813,No,0x00,0x00,0x00
0x0814,No,0x45,0x45,0x45
0x0815,No,0x05,0x05,0x05
0x0816,No,0x00,0x00,0x00
0x0817,No,0x42,0x42,0x42
0x0818,No,0x05,0x05,0x05
0x0819,No,0x00,0x00,0x00
0x081A,No,0x43,0x43,0x43
0x081B,No,0x05,0x05,0x05
0x081C,No,0x00,0x00,0x00
0x081D,No,0x44,0x44,0x44
0x081E,No,0x05,0x05,0x05
0x081F,No,0x00,0x00,0x00
0x0820,No,0x35,0x35,0x35
0x0821,No,0x06,0x06,0x06
0x0822,No,0x00,0x00,0x00
0x0823,No,0x45,0x45,0x45
0x0824,No,0x06,0x06,0x06
0x0825,No,0x00,0x00,0x00
0x0826,No,0x42,0x42,0x42
0x0827,No,0x06,0x06,0x06
0x0828,No,0x00,0x00,0x00
0x0829,No,0x43,0x43,0x43
0x082A,No,0x06,0x06,0x06
0x082B,No,0x00,0x00,0x00
0x082C,No,0x44,0x44,0x44
0x082D,No,0x06,0x06,0x06
0x082E,No,0x00,0x00,0x00
0x082F,No,0x36,0x36,0x36
0x0830,No,0x07,0x07,0x07
0x0831,No,0x00,0x00,0x00
0x0832,No,0x46,0x46,0x46
0x0833,No,0x07,0x07,0x07
0x0834,No,0x00,0x00,0x00
0x0835,No,0x43,0x43,0x43
0x0836,No,0x07,0x07,0x07
0x0837,No,0x00,0x00,0x00
0x0838,No,0x44,0x44,0x44
0x0839,No,0x07,0x07,0x07
0x083A,No,0x00,0x00,0x00
0x083B,No,0x45,0x45,0x45
0x083C,No,0x07,0x07,0x07
0x083D,No,0x00,0x00,0x00
0x083E,No,0x00,0x00,0x00
0x083F,No,0x00,0x00,0x00
0x0840,No,0x00,0x00,0x00
0x0841,No,0x00,0x00,0x00
0x0842,No,0x00,0x00,0x00
0x0843,No,0x00,0x00,0x00
0x0844,No,0x00,0x00,0x00
0x0845,No,0x00,0x00,0x00
0x0846,No,0x00,0x00,0x00
0x0847,No,0x00,0x00,0x00
0x0848,No,0x00,0x00,0x00
0x0849,No,0x00,0x00,0x00
0x084A,No,0x00,0x00,0x00
0x084B,No,0x00,0x00,0x00
0x084C,No,0x00,0x00,0x00
0x084D,No,0x00,0x00,0x00
0x084E,No,0x00,0x00,0x00
0x084F,No,0x00,0x00,0x00
0x0850,No,0x00,0x00,0x00
0x0851,No,0x00,0x00,0x00
0x0852,No,0x00,0x00,0x00
0x0853,No,0x00,0x00,0x00
0x0854,No,0x00,0x00,0x00
0x0855,No,0x00,0x00,0x00
0x0856,No,0x00,0x00,0x00
0x0857,No,0x00,0x00,0x00
0x0858,No,0x00,0x00,0x00
0x0859,No,0x00,0x00,0x00
0x085A,No,0x00,0x00,0x00
0x085B,No,0x00,0x00,0x00
0x085C,No,0x00,0x00,0x00
0x085D,No,0x00,0x00,0x00
0x085E,No,0x00,0x00,0x00
0x085F,No,0x00,0x00,0x00
0x0860,No,0x00,0x00,0x00
0x0861,No,0x00,0x00,0x00
0x090E,No,0x02,0x02,0x02
0x0943,No,0x00,0x00,0x00
0x0949,No,0x0F,0x0F,0x0F
0x094A,No,0x0F,0x0F,0x0F
0x094E,No,0x49,0x49,0x49
0x094F,No,0x02,0x02,0x02
0x095E,No,0x00,0x00,0x00
0x0A03,No,0x0F,0x0F,0x0F
0x0A04,No,0x00,0x00,0x00
0x0A05,No,0x0F,0x0F,0x0F
0x0B44,No,0xCF,0xCF,0xCF
0x0B45,No,0x00,0x00,0x00
0x0B46,No,0x00,0x00,0x00
0x0B47,No,0x00,0x00,0x00
0x0B48,No,0x00,0x00,0x00
0x0B4A,No,0x00,0x00,0x00
0x0B57,No,0x0E,0x0E,0x0E
0x0B58,No,0x01,0x01,0x01
